method,time,arquivos_count
sequential,3.773638,10
thread,1.76663,10
asyncio,1.119593,10
sequential,17.428523,50
thread,5.100583,50
asyncio,2.7265,50
sequential,30.229108,100
thread,9.295823,100
asyncio,4.946786,100
sequential,62.792117,200
thread,19.519995,200
asyncio,11.807476,200
asyncio,12.073264,300
thread,34.839132,300
sequential,102.095349,300
asyncio,24.181806,500
thread,46.612368,500
sequential,159.488655,500
